Institution,Cell ID,Form Factor,Cathode,Temperature (Â°C),Min SOC (%),Max SOC (%),Charge Rate (C),Discharge Rate (C),Group,Capacity (Ah),Charge Current (A),Discharge Current (A),Mean NCD1%,Std NCD1%,Full Filename
Calce,CX2-16,Prismatic,LCO,25,0,100,0.5,0.5,a,1.35,0.68,0.68,20.353535353535353,115.78917951152228,1.35_CALCE_CX2-16_prism_LCO_25C_0-100_0.5-0.5C_a_timeseries.csv
Calce,CX2-25,Prismatic,LCO,25,0,100,0.5,0.5,b,1.35,0.68,0.68,18.32323232323232,118.9472646968724,1.35_CALCE_CX2-25_prism_LCO_25C_0-100_0.5-0.5C_b_timeseries.csv
Calce,CX2-33,Prismatic,LCO,25,0,100,0.5,0.5,d,1.35,0.68,0.68,17.171717171717173,90.14411471090784,1.35_CALCE_CX2-33_prism_LCO_25C_0-100_0.5-0.5C_d_timeseries.csv
Calce,CX2-34,Prismatic,LCO,25,0,100,0.5,0.5,e,1.35,0.68,0.68,17.515151515151516,73.90380478460001,1.35_CALCE_CX2-34_prism_LCO_25C_0-100_0.5-0.5C_e_timeseries.csv
Calce,CX2-36,Prismatic,LCO,25,0,100,0.5,0.5,f,1.35,0.68,0.68,19.8989898989899,118.6771536501922,1.35_CALCE_CX2-36_prism_LCO_25C_0-100_0.5-0.5C_f_timeseries.csv
Calce,CX2-37,Prismatic,LCO,25,0,100,0.5,0.5,g,1.35,0.68,0.68,12.929292929292929,74.96353966105022,1.35_CALCE_CX2-37_prism_LCO_25C_0-100_0.5-0.5C_g_timeseries.csv
Calce,CX2-38,Prismatic,LCO,25,0,100,0.5,0.5,h,1.35,0.68,0.68,19.7979797979798,90.2194219105284,1.35_CALCE_CX2-38_prism_LCO_25C_0-100_0.5-0.5C_h_timeseries.csv
HNEI,-,18650,NMC-LCO,25,0,100,0.5,1.5,a,2.80,1.4,4.2,11.232323232323232,111.19432696476939,2.80_HNEI_18650_NMC_LCO_25C_0-100_0.5-1.5C_a_timeseries.csv
HNEI,-,18650,NMC-LCO,25,0,100,0.5,1.5,b,2.80,1.4,4.2,11.181818181818182,110.69435247302135,2.80_HNEI_18650_NMC_LCO_25C_0-100_0.5-1.5C_b_timeseries.csv
HNEI,-,18650,NMC-LCO,25,0,100,0.5,1.5,c,2.80,1.4,4.2,11.181818181818182,110.69435247302135,2.80_HNEI_18650_NMC_LCO_25C_0-100_0.5-1.5C_c_timeseries.csv
HNEI,-,18650,NMC-LCO,25,0,100,0.5,1.5,d,2.80,1.4,4.2,11.181818181818182,110.69435247302135,2.80_HNEI_18650_NMC_LCO_25C_0-100_0.5-1.5C_d_timeseries.csv
HNEI,-,18650,NMC-LCO,25,0,100,0.5,1.5,e,2.80,1.4,4.2,11.444444444444445,113.29421983011129,2.80_HNEI_18650_NMC_LCO_25C_0-100_0.5-1.5C_e_timeseries.csv
HNEI,-,18650,NMC-LCO,25,0,100,0.5,1.5,f,2.80,1.4,4.2,11.131313131313131,110.19437798127325,2.80_HNEI_18650_NMC_LCO_25C_0-100_0.5-1.5C_f_timeseries.csv
HNEI,-,18650,NMC-LCO,25,0,100,0.5,1.5,g,2.80,1.4,4.2,11.181818181818182,110.69435247302135,2.80_HNEI_18650_NMC_LCO_25C_0-100_0.5-1.5C_g_timeseries.csv
HNEI,-,18650,NMC-LCO,25,0,100,0.5,1.5,j,2.80,1.4,4.2,11.151515151515152,110.39436777797249,2.80_HNEI_18650_NMC_LCO_25C_0-100_0.5-1.5C_j_timeseries.csv
HNEI,-,18650,NMC-LCO,25,0,100,0.5,1.5,l,2.80,1.4,4.2,11.181818181818182,110.69435247302135,2.80_HNEI_18650_NMC_LCO_25C_0-100_0.5-1.5C_l_timeseries.csv
HNEI,-,18650,NMC-LCO,25,0,100,0.5,1.5,m,2.80,1.4,4.2,,,2.80_HNEI_18650_NMC_LCO_25C_0-100_0.5-1.5C_m_timeseries.csv
HNEI,-,18650,NMC-LCO,25,0,100,0.5,1.5,n,2.80,1.4,4.2,11.181818181818182,110.69435247302134,2.80_HNEI_18650_NMC_LCO_25C_0-100_0.5-1.5C_n_timeseries.csv
HNEI,-,18650,NMC-LCO,25,0,100,0.5,1.5,o,2.80,1.4,4.2,11.181818181818182,110.69435247302134,2.80_HNEI_18650_NMC_LCO_25C_0-100_0.5-1.5C_o_timeseries.csv
HNEI,-,18650,NMC-LCO,25,0,100,0.5,1.5,p,2.80,1.4,4.2,11.181818181818182,110.69435247302134,2.80_HNEI_18650_NMC_LCO_25C_0-100_0.5-1.5C_p_timeseries.csv
HNEI,-,18650,NMC-LCO,25,0,100,0.5,1.5,s,2.80,1.4,4.2,11.242424242424242,111.29432186311902,2.80_HNEI_18650_NMC_LCO_25C_0-100_0.5-1.5C_s_timeseries.csv
HNEI,-,18650,NMC-LCO,25,0,100,0.5,1.5,t,2.80,1.4,4.2,11.222222222222221,111.09433206641981,2.80_HNEI_18650_NMC_LCO_25C_0-100_0.5-1.5C_t_timeseries.csv
Michigan Expansion,01R,Pouch,NMC,25,0,100,0.2,0.2,-,5.00,1.0,1.0,3.8181818181818175,32.20710203262851,5.00_MICH_01R_pouch_NMC_25C_0-100_0.2-0.2C_timeseries_data.csv
Michigan Expansion,02C,Pouch,NMC,-5,0,100,0.2,0.2,-,5.00,1.0,1.0,1.3433292627042628,6.9108974770579294,5.00_MICH_02C_pouch_NMC_-5C_0-100_0.2-0.2C_timeseries_data.csv
Michigan Expansion,03H,Pouch,NMC,45,0,100,0.2,0.2,-,5.00,1.0,1.0,1.0303030303030303,6.96267795375292,5.00_MICH_03H_pouch_NMC_45C_0-100_0.2-0.2C_timeseries_data.csv
Michigan Expansion,04R,Pouch,NMC,25,0,100,1.5,1.5,-,5.00,7.5,7.5,9.234047619047628,5.318392869201277,5.00_MICH_04R_pouch_NMC_25C_0-100_1.5-1.5C_timeseries_data.csv
Michigan Expansion,05C,Pouch,NMC,-5,0,100,1.5,1.5,-,5.00,7.5,7.5,7.692590090090093,7.300722968528045,5.00_MICH_05C_pouch_NMC_-5C_0-100_1.5-1.5C_timeseries_data.csv
Michigan Expansion,06H,Pouch,NMC,45,0,100,1.5,1.5,-,5.00,7.5,7.5,7.514409937888206,1.8419831510866365,5.00_MICH_06H_pouch_NMC_45C_0-100_1.5-1.5C_timeseries_data.csv
Michigan Expansion,07R,Pouch,NMC,25,0,100,2,2,-,5.00,10.0,10.0,5.8579756097561,4.865934433104908,5.00_MICH_07R_pouch_NMC_25C_0-100_2-2C_timeseries_data.csv
Michigan Expansion,08C,Pouch,NMC,-5,0,100,2,2,-,5.00,10.0,10.0,9.18341935483871,6.83616407028482,5.00_MICH_08C_pouch_NMC_-5C_0-100_2-2C_timeseries_data.csv
Michigan Expansion,09H,Pouch,NMC,45,0,100,2,2,-,5.00,10.0,10.0,4.692486486486489,1.8036320208266003,5.00_MICH_09H_pouch_NMC_45C_0-100_2-2C_timeseries_data.csv
Michigan Expansion,10R,Pouch,NMC,25,0,100,0.2,1.5,-,5.00,1.0,7.5,4.424242424242424,9.538661463884733,5.00_MICH_10R_pouch_NMC_25C_0-100_0.2-1.5C_timeseries_data.csv
Michigan Expansion,11C,Pouch,NMC,-5,0,100,0.2,1.5,-,5.00,1.0,7.5,5.444444444444445,33.103108535169135,5.00_MICH_11C_pouch_NMC_-5C_0-100_0.2-1.5C_timeseries_data.csv
Michigan Expansion,12H,Pouch,NMC,45,0,100,0.2,1.5,-,5.00,1.0,7.5,0.16151207506537457,0.8566821616610527,5.00_MICH_12H_pouch_NMC_45C_0-100_0.2-1.5C_timeseries_data.csv
Michigan Expansion,13R,Pouch,NMC,25,50,100,0.2,0.2,-,5.00,1.0,1.0,,,5.00_MICH_13R_pouch_NMC_25C_50-100_0.2-0.2C_timeseries_data.csv
Michigan Expansion,14C,Pouch,NMC,-5,50,100,0.2,0.2,-,5.00,1.0,1.0,4.555555555555555,45.003061596488706,5.00_MICH_14C_pouch_NMC_-5C_50-100_0.2-0.2C_timeseries_data.csv
Michigan Expansion,15H,Pouch,NMC,45,50,100,0.2,0.2,-,5.00,1.0,1.0,1.7170707070707072,13.38049069129891,5.00_MICH_15H_pouch_NMC_45C_50-100_0.2-0.2C_timeseries_data.csv
Michigan Expansion,16R,Pouch,NMC,25,50,100,0.2,1.5,-,5.00,1.0,7.5,,,5.00_MICH_16R_pouch_NMC_25C_50-100_0.2-1.5C_timeseries_data.csv
Michigan Expansion,17C,Pouch,NMC,-5,50,100,0.2,1.5,-,5.00,1.0,7.5,5.616161616161616,55.59716348238469,5.00_MICH_17C_pouch_NMC_-5C_50-100_0.2-1.5C_timeseries_data.csv
Michigan Expansion,18H,Pouch,NMC,45,50,100,0.2,1.5,-,5.00,1.0,7.5,2.9696969696969697,29.398500114786163,5.00_MICH_18H_pouch_NMC_45C_50-100_0.2-1.5C_timeseries_data.csv
Michigan Expansion,BLForm10,Pouch,NMC,25,0,100,1,1,j,2.36,2.36,2.36,5.222222222222222,26.655510522390916,2.36_MICH_BLForm10_pouch_NMC_25C_0-100_1-1C_j_timeseries_data.csv
Michigan Expansion,BLForm11,Pouch,NMC,25,0,100,1,1,a,2.36,2.36,2.36,4.545236725781541,15.436522804697809,2.36_MICH_BLForm11_pouch_NMC_25C_0-100_1-1C_a_timeseries_data.csv
Michigan Expansion,BLForm12,Pouch,NMC,25,0,100,1,1,b,2.36,2.36,2.36,4.6159249556079525,14.995352392894057,2.36_MICH_BLForm12_pouch_NMC_25C_0-100_1-1C_b_timeseries_data.csv
Michigan Expansion,BLForm13,Pouch,NMC,25,0,100,1,1,c,2.36,2.36,2.36,4.666378570336661,24.827174953134808,2.36_MICH_BLForm13_pouch_NMC_25C_0-100_1-1C_c_timeseries_data.csv
Michigan Expansion,BLForm14,Pouch,NMC,25,0,100,1,1,d,2.36,2.36,2.36,5.1007313816127375,15.744948498410913,2.36_MICH_BLForm14_pouch_NMC_25C_0-100_1-1C_d_timeseries_data.csv
Michigan Expansion,BLForm15,Pouch,NMC,25,0,100,1,1,e,2.36,2.36,2.36,4.7269469266716975,15.791691691181008,2.36_MICH_BLForm15_pouch_NMC_25C_0-100_1-1C_e_timeseries_data.csv
Michigan Expansion,BLForm16,Pouch,NMC,25,0,100,1,1,f,2.36,2.36,2.36,4.926315789473684,20.571048009378,2.36_MICH_BLForm16_pouch_NMC_25C_0-100_1-1C_f_timeseries_data.csv
Michigan Expansion,BLForm17,Pouch,NMC,25,0,100,1,1,g,2.36,2.36,2.36,4.936842105263158,16.555186054636273,2.36_MICH_BLForm17_pouch_NMC_25C_0-100_1-1C_g_timeseries_data.csv
Michigan Expansion,BLForm18,Pouch,NMC,25,0,100,1,1,h,2.36,2.36,2.36,4.67643083956092,15.057852329562499,2.36_MICH_BLForm18_pouch_NMC_25C_0-100_1-1C_h_timeseries_data.csv
Michigan Expansion,BLForm19,Pouch,NMC,25,0,100,1,1,i,2.36,2.36,2.36,4.926315789473684,18.608395958305106,2.36_MICH_BLForm19_pouch_NMC_25C_0-100_1-1C_i_timeseries_data.csv
Michigan Expansion,BLForm1,Pouch,NMC,45,0,100,1,1,a,2.36,2.36,2.36,5.242185620247419,12.784362756003562,2.36_MICH_BLForm1_pouch_NMC_45C_0-100_1-1C_a_timeseries_data.csv
Michigan Expansion,BLForm20,Pouch,NMC,25,0,100,1,1,j,2.36,2.36,2.36,4.864548980496454,15.371880596645841,2.36_MICH_BLForm20_pouch_NMC_25C_0-100_1-1C_j_timeseries_data.csv
Michigan Expansion,BLForm2,Pouch,NMC,45,0,100,1,1,b,2.36,2.36,2.36,5.252329572318934,11.562161246452458,2.36_MICH_BLForm2_pouch_NMC_45C_0-100_1-1C_b_timeseries_data.csv
Michigan Expansion,BLForm3,Pouch,NMC,45,0,100,1,1,c,2.36,2.36,2.36,5.464148727984344,11.500643588167524,2.36_MICH_BLForm3_pouch_NMC_45C_0-100_1-1C_c_timeseries_data.csv
Michigan Expansion,BLForm4,Pouch,NMC,45,0,100,1,1,d,2.36,2.36,2.36,5.242424242424242,16.099739106431837,2.36_MICH_BLForm4_pouch_NMC_45C_0-100_1-1C_d_timeseries_data.csv
Michigan Expansion,BLForm5,Pouch,NMC,45,0,100,1,1,e,2.36,2.36,2.36,5.2320668532716725,26.22793289490997,2.36_MICH_BLForm5_pouch_NMC_45C_0-100_1-1C_e_timeseries_data.csv
Michigan Expansion,BLForm6,Pouch,NMC,45,0,100,1,1,f,2.36,2.36,2.36,5.040404040404062,11.17908402808883,2.36_MICH_BLForm6_pouch_NMC_45C_0-100_1-1C_f_timeseries_data.csv
Michigan Expansion,BLForm7,Pouch,NMC,45,0,100,1,1,g,2.36,2.36,2.36,5.098327485380117,10.691577286615084,2.36_MICH_BLForm7_pouch_NMC_45C_0-100_1-1C_g_timeseries_data.csv
Michigan Expansion,BLForm8,Pouch,NMC,45,0,100,1,1,h,2.36,2.36,2.36,5.242192524152596,11.602941886322686,2.36_MICH_BLForm8_pouch_NMC_45C_0-100_1-1C_h_timeseries_data.csv
Michigan Expansion,BLForm9,Pouch,NMC,45,0,100,1,1,i,2.36,2.36,2.36,6.460867404200737,24.29215294687361,2.36_MICH_BLForm9_pouch_NMC_45C_0-100_1-1C_i_timeseries_data.csv
Michigan Expansion,MCForm21,Pouch,NMC,25,0,100,1,1,a,2.36,2.36,2.36,5.100805760641691,16.374324080301985,2.36_MICH_MCForm21_pouch_NMC_25C_0-100_1-1C_a_timeseries_data.csv
Michigan Expansion,MCForm22,Pouch,NMC,25,0,100,1,1,b,2.36,2.36,2.36,5.2624106700075695,14.30656539855742,2.36_MICH_MCForm22_pouch_NMC_25C_0-100_1-1C_b_timeseries_data.csv
Michigan Expansion,MCForm23,Pouch,NMC,25,0,100,1,1,c,2.36,2.36,2.36,5.989583333333333,17.228390887114692,2.36_MICH_MCForm23_pouch_NMC_25C_0-100_1-1C_c_timeseries_data.csv
Michigan Expansion,MCForm24,Pouch,NMC,25,0,100,1,1,d,2.36,2.36,2.36,5.100759878419453,14.942471917294265,2.36_MICH_MCForm24_pouch_NMC_25C_0-100_1-1C_d_timeseries_data.csv
Michigan Expansion,MCForm25,Pouch,NMC,25,0,100,1,1,e,2.36,2.36,2.36,6.343276839415077,19.71242694432763,2.36_MICH_MCForm25_pouch_NMC_25C_0-100_1-1C_e_timeseries_data.csv
Michigan Expansion,MCForm26,Pouch,NMC,25,0,100,1,1,f,2.36,2.36,2.36,6.520833333333333,20.330369890082295,2.36_MICH_MCForm26_pouch_NMC_25C_0-100_1-1C_f_timeseries_data.csv
Michigan Expansion,MCForm27,Pouch,NMC,25,0,100,1,1,g,2.36,2.36,2.36,5.80793272472166,35.66201025308272,2.36_MICH_MCForm27_pouch_NMC_25C_0-100_1-1C_g_timeseries_data.csv
Michigan Expansion,MCForm28,Pouch,NMC,25,0,100,1,1,h,2.36,2.36,2.36,6.541666666666667,17.159915160571824,2.36_MICH_MCForm28_pouch_NMC_25C_0-100_1-1C_h_timeseries_data.csv
Michigan Expansion,MCForm29,Pouch,NMC,25,0,100,1,1,i,2.36,2.36,2.36,5.948858010153347,15.150610535695417,2.36_MICH_MCForm29_pouch_NMC_25C_0-100_1-1C_i_timeseries_data.csv
Michigan Expansion,MCForm30,Pouch,NMC,25,0,100,1,1,j,2.36,2.36,2.36,6.052631578947368,17.50548432532633,2.36_MICH_MCForm30_pouch_NMC_25C_0-100_1-1C_j_timeseries_data.csv
Michigan Expansion,MCForm31,Pouch,NMC,45,0,100,1,1,a,2.36,2.36,2.36,5.453370918487198,11.363238635894811,2.36_MICH_MCForm31_pouch_NMC_45C_0-100_1-1C_a_timeseries_data.csv
Michigan Expansion,MCForm32,Pouch,NMC,45,0,100,1,1,b,2.36,2.36,2.36,5.252525252525253,28.300355919936024,2.36_MICH_MCForm32_pouch_NMC_45C_0-100_1-1C_b_timeseries_data.csv
Michigan Expansion,MCForm33,Pouch,NMC,45,0,100,1,1,c,2.36,2.36,2.36,5.352789067142009,12.874103137716306,2.36_MICH_MCForm33_pouch_NMC_45C_0-100_1-1C_c_timeseries_data.csv
Michigan Expansion,MCForm34,Pouch,NMC,45,0,100,1,1,d,2.36,2.36,2.36,1.5656249255331824,10.27152075436935,2.36_MICH_MCForm34_pouch_NMC_45C_0-100_1-1C_d_timeseries_data.csv
Michigan Expansion,MCForm35,Pouch,NMC,45,0,100,1,1,e,2.36,2.36,2.36,4.747186409550046,11.14844589551305,2.36_MICH_MCForm35_pouch_NMC_45C_0-100_1-1C_e_timeseries_data.csv
Michigan Expansion,MCForm36,Pouch,NMC,45,0,100,1,1,f,2.36,2.36,2.36,5.777777777777778,11.72250262943909,2.36_MICH_MCForm36_pouch_NMC_45C_0-100_1-1C_f_timeseries_data.csv
Michigan Expansion,MCForm37,Pouch,NMC,45,0,100,1,1,g,2.36,2.36,2.36,5.777777777777778,14.028850349876874,2.36_MICH_MCForm37_pouch_NMC_45C_0-100_1-1C_g_timeseries_data.csv
Michigan Expansion,MCForm38,Pouch,NMC,45,0,100,1,1,h,2.36,2.36,2.36,5.353535353535354,13.778156016129484,2.36_MICH_MCForm38_pouch_NMC_45C_0-100_1-1C_h_timeseries_data.csv
Michigan Expansion,MCForm39,Pouch,NMC,45,0,100,1,1,i,2.36,2.36,2.36,5.777777777777778,12.816459527014507,2.36_MICH_MCForm39_pouch_NMC_45C_0-100_1-1C_i_timeseries_data.csv
Michigan Expansion,MCForm40,Pouch,NMC,45,0,100,1,1,j,2.36,2.36,2.36,1.5656338971622235,9.922416934997294,2.36_MICH_MCForm40_pouch_NMC_45C_0-100_1-1C_j_timeseries_data.csv
Oxford,1-1,Pouch,LCO,40,0,100,2,1.84,a,0.74,1.48,1.36,332.6250000000005,139.57189160070928,0.74_OX_1-1_pouch_LCO_40C_0-100_2-1.84C_a_timeseries.csv
Oxford,1-2,Pouch,LCO,40,0,100,2,1.84,b,0.74,1.48,1.36,248.3548387096774,340.5187854662335,0.74_OX_1-2_pouch_LCO_40C_0-100_2-1.84C_b_timeseries.csv
Oxford,1-3,Pouch,LCO,40,0,100,2,1.84,c,0.74,1.48,1.36,344.5434782608698,141.7283255879753,0.74_OX_1-3_pouch_LCO_40C_0-100_2-1.84C_c_timeseries.csv
Oxford,1-4,Pouch,LCO,40,0,100,2,1.84,d,0.74,1.48,1.36,228.95000000000059,71.33316261392653,0.74_OX_1-4_pouch_LCO_40C_0-100_2-1.84C_d_timeseries.csv
Oxford,1-5,Pouch,LCO,40,0,100,2,1.84,e,0.74,1.48,1.36,131.51942776404098,139.15206046298053,0.74_OX_1-5_pouch_LCO_40C_0-100_2-1.84C_e_timeseries.csv
Oxford,1-6,Pouch,LCO,40,0,100,2,1.84,f,0.74,1.48,1.36,241.45000000000013,81.74173978708832,0.74_OX_1-6_pouch_LCO_40C_0-100_2-1.84C_f_timeseries.csv
Oxford,1-7,Pouch,LCO,40,0,100,2,1.84,g,0.74,1.48,1.36,398.95000000000016,127.8555972745987,0.74_OX_1-7_pouch_LCO_40C_0-100_2-1.84C_g_timeseries.csv
Oxford,1-8,Pouch,LCO,40,0,100,2,1.84,h,0.74,1.48,1.36,345.1884057971018,102.7918184348884,0.74_OX_1-8_pouch_LCO_40C_0-100_2-1.84C_h_timeseries.csv
SNL,-,18650,LFP,15,0,100,0.5,1,a,1.10,0.55,1.1,45.9593756999776,280.2290420111543,1.10_SNL_18650_LFP_15C_0-100_0.5-1C_a_timeseries.csv
SNL,-,18650,LFP,15,0,100,0.5,1,b,1.10,0.55,1.1,35.87857141372574,183.67757722874546,1.10_SNL_18650_LFP_15C_0-100_0.5-1C_b_timeseries.csv
SNL,-,18650,LFP,15,0,100,0.5,2,a,1.10,0.55,2.2,37.9795771944498,156.62402962915098,1.10_SNL_18650_LFP_15C_0-100_0.5-2C_a_timeseries.csv
SNL,-,18650,LFP,15,0,100,0.5,2,b,1.10,0.55,2.2,37.90886842703563,156.02345734698048,1.10_SNL_18650_LFP_15C_0-100_0.5-2C_b_timeseries.csv
SNL,-,18650,LFP,25,0,100,0.5,0.5,a,1.10,0.55,0.55,30.797755459155876,141.46101403280122,1.10_SNL_18650_LFP_25C_0-100_0.5-0.5C_a_timeseries.csv
SNL,-,18650,LFP,25,0,100,0.5,1,a,1.10,0.55,1.1,35.79775894538607,177.3393621561168,1.10_SNL_18650_LFP_25C_0-100_0.5-1C_a_timeseries.csv
SNL,-,18650,LFP,25,0,100,0.5,1,b,1.10,0.55,1.1,26.474531381930763,137.61638847012685,1.10_SNL_18650_LFP_25C_0-100_0.5-1C_b_timeseries.csv
SNL,-,18650,LFP,25,0,100,0.5,1,c,1.10,0.55,1.1,30.676549876981532,147.43823506916107,1.10_SNL_18650_LFP_25C_0-100_0.5-1C_c_timeseries.csv
SNL,-,18650,LFP,25,0,100,0.5,1,d,1.10,0.55,1.1,30.676549980794587,148.9172784454256,1.10_SNL_18650_LFP_25C_0-100_0.5-1C_d_timeseries.csv
SNL,-,18650,LFP,25,0,100,0.5,2,a,1.10,0.55,2.2,35.787659436469966,216.87063320605893,1.10_SNL_18650_LFP_25C_0-100_0.5-2C_a_timeseries.csv
SNL,-,18650,LFP,25,0,100,0.5,2,b,1.10,0.55,2.2,40.89876885880077,178.08514217257084,1.10_SNL_18650_LFP_25C_0-100_0.5-2C_b_timeseries.csv
SNL,-,18650,LFP,25,0,100,0.5,3,a,1.10,0.55,3.3,46.14115952204977,129.86844362964592,1.10_SNL_18650_LFP_25C_0-100_0.5-3C_a_timeseries.csv
SNL,-,18650,LFP,25,0,100,0.5,3,b,1.10,0.55,3.3,41.01995343505982,117.24976026637124,1.10_SNL_18650_LFP_25C_0-100_0.5-3C_b_timeseries.csv
SNL,-,18650,LFP,25,0,100,0.5,3,c,1.10,0.55,3.3,35.89873162316231,97.11047260336854,1.10_SNL_18650_LFP_25C_0-100_0.5-3C_c_timeseries.csv
SNL,-,18650,LFP,25,0,100,0.5,3,d,1.10,0.55,3.3,41.019951162569086,119.27370275296958,1.10_SNL_18650_LFP_25C_0-100_0.5-3C_d_timeseries.csv
SNL,-,18650,LFP,25,20,80,0.5,0.5,a,1.10,0.55,0.55,74.48469493278179,714.4253855170888,1.10_SNL_18650_LFP_25C_20-80_0.5-0.5C_a_timeseries.csv
SNL,-,18650,LFP,25,20,80,0.5,0.5,b,1.10,0.55,0.55,84.79782168603485,544.961582476636,1.10_SNL_18650_LFP_25C_20-80_0.5-0.5C_b_timeseries.csv
SNL,-,18650,LFP,25,20,80,0.5,0.5,c,1.10,0.55,0.55,60.03999445803794,409.55131244253977,1.10_SNL_18650_LFP_25C_20-80_0.5-0.5C_c_timeseries.csv
SNL,-,18650,LFP,25,20,80,0.5,0.5,d,1.10,0.55,0.55,66.57471811134603,647.0067277966998,1.10_SNL_18650_LFP_25C_20-80_0.5-0.5C_d_timeseries.csv
SNL,-,18650,LFP,25,20,80,0.5,3,a,1.10,0.55,3.3,29.878674871728954,295.31299756467547,1.10_SNL_18650_LFP_25C_20-80_0.5-3C_a_timeseries.csv
SNL,-,18650,LFP,25,40,60,0.5,0.5,a,1.10,0.55,0.55,193.67642436267437,1164.4088085167984,1.10_SNL_18650_LFP_25C_40-60_0.5-0.5C_a_timeseries.csv
SNL,-,18650,LFP,25,40,60,0.5,0.5,b,1.10,0.55,0.55,179.95292929292933,1094.397807120899,1.10_SNL_18650_LFP_25C_40-60_0.5-0.5C_b_timeseries.csv
SNL,-,18650,LFP,25,40,60,0.5,3,a,1.10,0.55,3.3,127.5453413335031,1262.2098386384446,1.10_SNL_18650_LFP_25C_40-60_0.5-3C_a_timeseries.csv
SNL,-,18650,LFP,25,40,60,0.5,3,b,1.10,0.55,3.3,117.3736203620362,1161.5135428170008,1.10_SNL_18650_LFP_25C_40-60_0.5-3C_b_timeseries.csv
SNL,-,18650,LFP,35,0,100,0.5,1,a,1.10,0.55,1.1,31.86845106841839,122.20010550087524,1.10_SNL_18650_LFP_35C_0-100_0.5-1C_a_timeseries.csv
SNL,-,18650,LFP,35,0,100,0.5,1,b,1.10,0.55,1.1,33.7472360694545,126.0226876523062,1.10_SNL_18650_LFP_35C_0-100_0.5-1C_b_timeseries.csv
SNL,-,18650,LFP,35,0,100,0.5,1,c,1.10,0.55,1.1,31.151282883479606,135.96362572745414,1.10_SNL_18650_LFP_35C_0-100_0.5-1C_c_timeseries.csv
SNL,-,18650,LFP,35,0,100,0.5,1,d,1.10,0.55,1.1,38.3532973308504,138.7720822358983,1.10_SNL_18650_LFP_35C_0-100_0.5-1C_d_timeseries.csv
SNL,-,18650,LFP,35,0,100,0.5,2,a,1.10,0.55,2.2,38.93915421026408,137.70946339494733,1.10_SNL_18650_LFP_35C_0-100_0.5-2C_a_timeseries.csv
SNL,-,18650,LFP,35,0,100,0.5,2,b,1.10,0.55,2.2,36.333083764768354,195.13778889383946,1.10_SNL_18650_LFP_35C_0-100_0.5-2C_b_timeseries.csv
SNL,-,18650,NCA,15,0,100,0.5,1,a,3.20,1.6,3.2,5.262372608150776,16.8210377123491,3.20_SNL_18650_NCA_15C_0-100_0.5-1C_a_timeseries.csv
SNL,-,18650,NCA,15,0,100,0.5,1,b,3.20,1.6,3.2,9.26236921992736,32.70442783085881,3.20_SNL_18650_NCA_15C_0-100_0.5-1C_b_timeseries.csv
SNL,-,18650,NCA,15,0,100,0.5,2,a,3.20,1.6,6.4,9.24216403267121,41.21830044453167,3.20_SNL_18650_NCA_15C_0-100_0.5-2C_a_timeseries.csv
SNL,-,18650,NCA,15,0,100,0.5,2,b,3.20,1.6,6.4,7.908856259592001,43.45690249179235,3.20_SNL_18650_NCA_15C_0-100_0.5-2C_b_timeseries.csv
SNL,-,18650,NCA,25,0,100,0.5,0.5,a,3.20,1.6,1.6,5.171717171717172,50.91813684453567,3.20_SNL_18650_NCA_25C_0-100_0.5-0.5C_a_timeseries.csv
SNL,-,18650,NCA,25,0,100,0.5,0.5,b,3.20,1.6,1.6,1.3432042852325872,5.326129016704607,3.20_SNL_18650_NCA_25C_0-100_0.5-0.5C_b_timeseries.csv
SNL,-,18650,NCA,25,0,100,0.5,1,a,3.20,1.6,3.2,6.59571065650488,20.478661781737518,3.20_SNL_18650_NCA_25C_0-100_0.5-1C_a_timeseries.csv
SNL,-,18650,NCA,25,0,100,0.5,1,b,3.20,1.6,3.2,5.262379412098512,18.694236980331922,3.20_SNL_18650_NCA_25C_0-100_0.5-1C_b_timeseries.csv
SNL,-,18650,NCA,25,0,100,0.5,1,c,3.20,1.6,3.2,5.2623699886301845,15.817826509692344,3.20_SNL_18650_NCA_25C_0-100_0.5-1C_c_timeseries.csv
SNL,-,18650,NCA,25,0,100,0.5,1,d,3.20,1.6,3.2,6.59570111048372,20.104941979138705,3.20_SNL_18650_NCA_25C_0-100_0.5-1C_d_timeseries.csv
SNL,-,18650,NCA,25,0,100,0.5,2,a,3.20,1.6,6.4,7.929042787331667,24.83695446472531,3.20_SNL_18650_NCA_25C_0-100_0.5-2C_a_timeseries.csv
SNL,-,18650,NCA,25,0,100,0.5,2,b,3.20,1.6,6.4,6.595726452865933,16.3657272874096,3.20_SNL_18650_NCA_25C_0-100_0.5-2C_b_timeseries.csv
SNL,-,18650,NCA,25,20,80,0.5,0.5,a,3.20,1.6,1.6,1.8987369722663836,13.255564706570073,3.20_SNL_18650_NCA_25C_20-80_0.5-0.5C_a_timeseries.csv
SNL,-,18650,NCA,25,20,80,0.5,0.5,b,3.20,1.6,1.6,13.060416661658232,40.47426896983439,3.20_SNL_18650_NCA_25C_20-80_0.5-0.5C_b_timeseries.csv
SNL,-,18650,NCA,25,20,80,0.5,0.5,c,3.20,1.6,1.6,13.040201461660414,37.64728410889211,3.20_SNL_18650_NCA_25C_20-80_0.5-0.5C_c_timeseries.csv
SNL,-,18650,NCA,25,20,80,0.5,0.5,d,3.20,1.6,1.6,15.434145774289659,45.68906252696232,3.20_SNL_18650_NCA_25C_20-80_0.5-0.5C_d_timeseries.csv
SNL,-,18650,NCA,25,40,60,0.5,0.5,a,3.20,1.6,1.6,79.56552934485616,787.2313380969447,3.20_SNL_18650_NCA_25C_40-60_0.5-0.5C_a_timeseries.csv
SNL,-,18650,NCA,25,40,60,0.5,0.5,b,3.20,1.6,1.6,61.40391364784664,607.44043139476,3.20_SNL_18650_NCA_25C_40-60_0.5-0.5C_b_timeseries.csv
SNL,-,18650,NCA,35,0,100,0.5,1,a,3.20,1.6,3.2,5.191669158301892,30.64806585602357,3.20_SNL_18650_NCA_35C_0-100_0.5-1C_a_timeseries.csv
SNL,-,18650,NCA,35,0,100,0.5,1,b,3.20,1.6,3.2,3.343194051371728,13.04497469046434,3.20_SNL_18650_NCA_35C_0-100_0.5-1C_b_timeseries.csv
SNL,-,18650,NCA,35,0,100,0.5,1,c,3.20,1.6,3.2,5.191666526430509,14.840481319415908,3.20_SNL_18650_NCA_35C_0-100_0.5-1C_c_timeseries.csv
SNL,-,18650,NCA,35,0,100,0.5,1,d,3.20,1.6,3.2,6.595689980614224,33.41704647457306,3.20_SNL_18650_NCA_35C_0-100_0.5-1C_d_timeseries.csv
SNL,-,18650,NCA,35,0,100,0.5,2,a,3.20,1.6,6.4,6.595731108503887,20.828415975854075,3.20_SNL_18650_NCA_35C_0-100_0.5-2C_a_timeseries.csv
SNL,-,18650,NCA,35,0,100,0.5,2,b,3.20,1.6,6.4,7.929069286992241,42.5118691461296,3.20_SNL_18650_NCA_35C_0-100_0.5-2C_b_timeseries.csv
SNL,-,18650,NMC,15,0,100,0.5,1,a,3.00,1.5,3.0,2.575491919690242,8.318556178174942,3.00_SNL_18650_NMC_15C_0-100_0.5-1C_a_timeseries.csv
SNL,-,18650,NMC,15,0,100,0.5,1,b,3.00,1.5,3.0,5.171410281923714,12.40027145350887,3.00_SNL_18650_NMC_15C_0-100_0.5-1C_b_timeseries.csv
SNL,-,18650,NMC,15,0,100,0.5,2,a,3.00,1.5,6.0,3.918909007300109,15.457301591854652,3.00_SNL_18650_NMC_15C_0-100_0.5-2C_a_timeseries.csv
SNL,-,18650,NMC,15,0,100,0.5,2,b,3.00,1.5,6.0,3.9189064213185874,11.349378678681978,3.00_SNL_18650_NMC_15C_0-100_0.5-2C_b_timeseries.csv
SNL,-,18650,NMC,25,0,100,0.5,0.5,a,3.00,1.5,1.5,5.575757575757576,20.023259427302392,3.00_SNL_18650_NMC_25C_0-100_0.5-0.5C_a_timeseries.csv
SNL,-,18650,NMC,25,0,100,0.5,0.5,b,3.00,1.5,1.5,6.848219299071497,23.428365026553703,3.00_SNL_18650_NMC_25C_0-100_0.5-0.5C_b_timeseries.csv
SNL,-,18650,NMC,25,0,100,0.5,1,a,3.00,1.5,3.0,5.252275524804066,19.411143846183027,3.00_SNL_18650_NMC_25C_0-100_0.5-1C_a_timeseries.csv
SNL,-,18650,NMC,25,0,100,0.5,1,b,3.00,1.5,3.0,7.91894044521538,31.453690238298826,3.00_SNL_18650_NMC_25C_0-100_0.5-1C_b_timeseries.csv
SNL,-,18650,NMC,25,0,100,0.5,1,c,3.00,1.5,3.0,3.9997512669355673,16.433126463761056,3.00_SNL_18650_NMC_25C_0-100_0.5-1C_c_timeseries.csv
SNL,-,18650,NMC,25,0,100,0.5,1,d,3.00,1.5,3.0,2.666433313700271,12.32581088800663,3.00_SNL_18650_NMC_25C_0-100_0.5-1C_d_timeseries.csv
SNL,-,18650,NMC,25,0,100,0.5,2,a,3.00,1.5,6.0,5.333089190310481,24.31387894830427,3.00_SNL_18650_NMC_25C_0-100_0.5-2C_a_timeseries.csv
SNL,-,18650,NMC,25,0,100,0.5,2,b,3.00,1.5,6.0,1.32301894276351,7.035347382447122,3.00_SNL_18650_NMC_25C_0-100_0.5-2C_b_timeseries.csv
SNL,-,18650,NMC,25,0,100,0.5,3,a,3.00,1.5,9.0,7.363385968763044,28.470132796786917,3.00_SNL_18650_NMC_25C_0-100_0.5-3C_a_timeseries.csv
SNL,-,18650,NMC,25,0,100,0.5,3,b,3.00,1.5,9.0,5.5654073846861705,23.00671165855049,3.00_SNL_18650_NMC_25C_0-100_0.5-3C_b_timeseries.csv
SNL,-,18650,NMC,25,0,100,0.5,3,c,3.00,1.5,9.0,7.040160745894748,29.52067292730212,3.00_SNL_18650_NMC_25C_0-100_0.5-3C_c_timeseries.csv
SNL,-,18650,NMC,25,0,100,0.5,3,d,3.00,1.5,9.0,9.131059112340726,34.1710237111087,3.00_SNL_18650_NMC_25C_0-100_0.5-3C_d_timeseries.csv
SNL,-,18650,NMC,25,20,80,0.5,0.5,a,3.00,1.5,1.5,33.696819906578845,239.85665719959405,3.00_SNL_18650_NMC_25C_20-80_0.5-0.5C_a_timeseries.csv
SNL,-,18650,NMC,25,20,80,0.5,0.5,b,3.00,1.5,1.5,36.66649906723949,138.82128780129082,3.00_SNL_18650_NMC_25C_20-80_0.5-0.5C_b_timeseries.csv
SNL,-,18650,NMC,25,20,80,0.5,0.5,c,3.00,1.5,1.5,6.312925699462665,61.99752512283243,3.00_SNL_18650_NMC_25C_20-80_0.5-0.5C_c_timeseries.csv
SNL,-,18650,NMC,25,20,80,0.5,0.5,d,3.00,1.5,1.5,33.92913536702022,152.55036009944837,3.00_SNL_18650_NMC_25C_20-80_0.5-0.5C_d_timeseries.csv
SNL,-,18650,NMC,25,20,80,0.5,3,a,3.00,1.5,9.0,36.45438266932438,210.13608936161484,3.00_SNL_18650_NMC_25C_20-80_0.5-3C_a_timeseries.csv
SNL,-,18650,NMC,25,20,80,0.5,3,b,3.00,1.5,9.0,11.393756062830953,49.909643125911394,3.00_SNL_18650_NMC_25C_20-80_0.5-3C_b_timeseries.csv
SNL,-,18650,NMC,25,40,60,0.5,0.5,a,3.00,1.5,1.5,112.61603622431208,1114.4163246933815,3.00_SNL_18650_NMC_25C_40-60_0.5-0.5C_a_timeseries.csv
SNL,-,18650,NMC,25,40,60,0.5,0.5,b,3.00,1.5,1.5,92.13119079549044,911.6271973103998,3.00_SNL_18650_NMC_25C_40-60_0.5-0.5C_b_timeseries.csv
SNL,-,18650,NMC,25,40,60,0.5,3,a,3.00,1.5,9.0,130.47474747474752,1291.2317332383911,3.00_SNL_18650_NMC_25C_40-60_0.5-3C_a_timeseries.csv
SNL,-,18650,NMC,25,40,60,0.5,3,b,3.00,1.5,9.0,112.60593740780908,1114.316361716042,3.00_SNL_18650_NMC_25C_40-60_0.5-3C_b_timeseries.csv
SNL,-,18650,NMC,35,0,100,0.5,1,a,3.00,1.5,3.0,7.929043765334567,33.4694074932087,3.00_SNL_18650_NMC_35C_0-100_0.5-1C_a_timeseries.csv
SNL,-,18650,NMC,35,0,100,0.5,1,b,3.00,1.5,3.0,7.929042753613816,67.4948733650438,3.00_SNL_18650_NMC_35C_0-100_0.5-1C_b_timeseries.csv
SNL,-,18650,NMC,35,0,100,0.5,1,c,3.00,1.5,3.0,7.918942999918919,30.863530029990123,3.00_SNL_18650_NMC_35C_0-100_0.5-1C_c_timeseries.csv
SNL,-,18650,NMC,35,0,100,0.5,1,d,3.00,1.5,3.0,7.92904523986104,76.492699799582,3.00_SNL_18650_NMC_35C_0-100_0.5-1C_d_timeseries.csv
SNL,-,18650,NMC,35,0,100,0.5,2,a,3.00,1.5,6.0,6.595716400199588,28.454679527793218,3.00_SNL_18650_NMC_35C_0-100_0.5-2C_a_timeseries.csv
SNL,-,18650,NMC,35,0,100,0.5,2,b,3.00,1.5,6.0,7.787633026888482,28.950755488611293,3.00_SNL_18650_NMC_35C_0-100_0.5-2C_b_timeseries.csv
UL-PUR,CF10DPA,Pouch,NCA,25,0,100,1,1,n,3.40,3.4,3.4,4.898882349390318,29.363361900952828,3.40_UL-PUR_CF10DPA_pouch_NCA_25C_0-100_1-1C_n_timeseries_data.csv
UL-PUR,N10-EX9,18650,NCA,23,0,100,0.5,0.5,i,3.40,1.7,1.7,2.0604869666709895,8.351867463758314,3.40_UL-PUR_N10-EX9_18650_NCA_23C_0-100_0.5-0.5C_i_timeseries.csv
UL-PUR,N10-NA7,18650,NCA,23,0,100,0.5,0.5,g,3.40,1.7,1.7,2.1219020800143604,16.8474438711593,3.40_UL-PUR_N10-NA7_18650_NCA_23C_0-100_0.5-0.5C_g_timeseries.csv
UL-PUR,N10-OV8,18650,NCA,23,0,100,0.5,0.5,h,3.40,1.7,1.7,2.030182446299583,9.915227744052382,3.40_UL-PUR_N10-OV8_18650_NCA_23C_0-100_0.5-0.5C_h_timeseries.csv
UL-PUR,N15-EX4,18650,NCA,23,0,100,0.5,0.5,d,3.40,1.7,1.7,2.3635126967175424,17.314680950988528,3.40_UL-PUR_N15-EX4_18650_NCA_23C_0-100_0.5-0.5C_d_timeseries.csv
UL-PUR,N15-NA10,18650,NCA,23,0,100,0.5,0.5,j,3.40,1.7,1.7,3.5865548675610595,8.609970995268542,3.40_UL-PUR_N15-NA10_18650_NCA_23C_0-100_0.5-0.5C_j_timeseries.csv
UL-PUR,N15-OV3,18650,NCA,23,0,100,0.5,0.5,c,3.40,1.7,1.7,5.583333333333333,27.271658572895646,3.40_UL-PUR_N15-OV3_18650_NCA_23C_0-100_0.5-0.5C_c_timeseries.csv
UL-PUR,N20-EX2,18650,NCA,23,0,100,0.5,0.5,b,3.40,1.7,1.7,3.2220843432292887,7.696587016225991,3.40_UL-PUR_N20-EX2_18650_NCA_23C_0-100_0.5-0.5C_b_timeseries.csv
UL-PUR,N20-NA5,18650,NCA,23,0,100,0.5,0.5,e,3.40,1.7,1.7,3.5237927905633915,15.344210583218345,3.40_UL-PUR_N20-NA5_18650_NCA_23C_0-100_0.5-0.5C_e_timeseries.csv
UL-PUR,N20-NA6,18650,NCA,23,0,100,0.5,0.5,f,3.40,1.7,1.7,5.525,15.645778821978714,3.40_UL-PUR_N20-NA6_18650_NCA_23C_0-100_0.5-0.5C_f_timeseries.csv
UL-PUR,N20-OV1,18650,NCA,23,0,100,0.5,0.5,a,3.40,1.7,1.7,3.0301695902176284,8.131917033095684,3.40_UL-PUR_N20-OV1_18650_NCA_23C_0-100_0.5-0.5C_a_timeseries.csv
UL-PUR,R10-EX6,18650,NCA,23,2.5,96.5,0.5,0.5,f,3.40,1.7,1.7,3.2726077007526153,20.175936829766513,3.40_UL-PUR_R10-EX6_18650_NCA_23C_2.5-96.5_0.5-0.5C_f_timeseries.csv
UL-PUR,R10-NA11,18650,NCA,23,2.5,96.5,0.5,0.5,k,3.40,1.7,1.7,4.778878729547642,41.95464653252001,3.40_UL-PUR_R10-NA11_18650_NCA_23C_2.5-96.5_0.5-0.5C_k_timeseries.csv
UL-PUR,R10-OV5,18650,NCA,23,2.5,96.5,0.5,0.5,e,3.40,1.7,1.7,2.6968507197791363,10.716526881592678,3.40_UL-PUR_R10-OV5_18650_NCA_23C_2.5-96.5_0.5-0.5C_e_timeseries.csv
UL-PUR,R15-EX4,18650,NCA,23,2.5,96.5,0.5,0.5,d,3.40,1.7,1.7,11.35070262634718,47.79862371699446,3.40_UL-PUR_R15-EX4_18650_NCA_23C_2.5-96.5_0.5-0.5C_d_timeseries.csv
UL-PUR,R15-NA10,18650,NCA,23,2.5,96.5,0.5,0.5,j,3.40,1.7,1.7,6.285632765761621,53.45505420793314,3.40_UL-PUR_R15-NA10_18650_NCA_23C_2.5-96.5_0.5-0.5C_j_timeseries.csv
UL-PUR,R15-OV3,18650,NCA,23,2.5,96.5,0.5,0.5,c,3.40,1.7,1.7,7.2333275068461225,57.910881001166175,3.40_UL-PUR_R15-OV3_18650_NCA_23C_2.5-96.5_0.5-0.5C_c_timeseries.csv
UL-PUR,R20-EX2,18650,NCA,23,2.5,96.5,0.5,0.5,b,3.40,1.7,1.7,7.92912995252673,60.60823334962641,3.40_UL-PUR_R20-EX2_18650_NCA_23C_2.5-96.5_0.5-0.5C_b_timeseries.csv
UL-PUR,R20-NA7,18650,NCA,23,2.5,96.5,0.5,0.5,g,3.40,1.7,1.7,16.3265306122449,96.98980834277977,3.40_UL-PUR_R20-NA7_18650_NCA_23C_2.5-96.5_0.5-0.5C_g_timeseries.csv
UL-PUR,R20-NA8,18650,NCA,23,2.5,96.5,0.5,0.5,h,3.40,1.7,1.7,6.464494316355455,55.930442358188486,3.40_UL-PUR_R20-NA8_18650_NCA_23C_2.5-96.5_0.5-0.5C_h_timeseries.csv
UL-PUR,R20-NA9,18650,NCA,23,2.5,96.5,0.5,0.5,i,3.40,1.7,1.7,6.5453018684149376,63.19608620913462,3.40_UL-PUR_R20-NA9_18650_NCA_23C_2.5-96.5_0.5-0.5C_i_timeseries.csv
UL-PUR,R20-OV1,18650,NCA,23,2.5,96.5,0.5,0.5,a,3.40,1.7,1.7,9.25877883413507,59.46017583282685,3.40_UL-PUR_R20-OV1_18650_NCA_23C_2.5-96.5_0.5-0.5C_a_timeseries.csv
